id,text,scenario,confidence,source_film,start_timestamp,end_timestamp,context_before,context_after,catalan_markers,has_catalan_slang,catalan_slang_count,catalan_slang_found,generic_spanish_slang_count
Spanish Affair 2_2015_2833100_970,"Venga, que pase, que pase. Vinga, Vinga, vinga.",farewells,0.6222381782531738,Spanish Affair 2,"00:58:08,695","00:58:11,614","Nene, pero si tú eres lo más catalán que hay en este pueblo. | Ojo, que mi abuela por parte de madre era de Teruel, ¿eh?","¡Gracias, ""companis""! | ¡Ja sóc aquí!",,True,3,"{""fillers_reactions"": [""Vinga"", ""Vinga"", ""vinga""]}",0
Spanish Affair 2_2015_2833100_971,"¡Gracias, ""companis""!",greetings,0.6691291999816895,Spanish Affair 2,"00:58:13,408","00:58:15,493","Ojo, que mi abuela por parte de madre era de Teruel, ¿eh? | Venga, que pase, que pase. Vinga, Vinga, vinga.",¡Ja sóc aquí! | Gracias. ¡Salut y fortsa al canut!,,True,3,"{""fillers_reactions"": [""Vinga"", ""Vinga"", ""vinga""]}",0
Spanish Affair 2_2015_2833100_969,"Ojo, que mi abuela por parte de madre era de Teruel, ¿eh?",family,0.6981480264663696,Spanish Affair 2,"00:58:05,608","00:58:08,486","Andreu. ¿Qué pasa? | Nene, pero si tú eres lo más catalán que hay en este pueblo.","Venga, que pase, que pase. Vinga, Vinga, vinga. | ¡Gracias, ""companis""!",,True,3,"{""fillers_reactions"": [""Vinga"", ""Vinga"", ""vinga""]}",0
Sin City_2005_204804_771,¿Adonde vas? Te llevaremos. No cariño. Yo trabajo por el dia.,farewells,0.618697566986084,Sin City,"00:56:46,889","00:56:52,132",Eres un cadaver. | Hola nena. hola nena.,"Y ha sido un largo dia. Ademas, no trabajo grupos. | Entra en el auto nena. Vamos a hablar, sera agradable.",,True,3,"{""address_terms"": [""nena"", ""nena"", ""nena""]}",0
Spanish Affair_2014_977086_406,"¡Que cómo os conocisteis, hostia!",greetings,0.8,Spanish Affair,"00:29:58,255","00:29:59,962","Bueno, pues dices ""hostia"" en vez ""mi arma"", | porque si mi padre te escucha.","Nos presentaron unas amigas de su pueblo. | Eso es muy soso. Eso no tiene chicha ni ""ná"".",,True,2,"{""swears_edgy"": [""hostia"", ""hostia""]}",0
Sin City_2005_204804_770,Hola nena. hola nena.,greetings,1.0,Sin City,"00:56:41,150","00:56:43,023",Pero si te les atraviesas. | Eres un cadaver.,"¿Adonde vas? Te llevaremos. No cariño. Yo trabajo por el dia. | Y ha sido un largo dia. Ademas, no trabajo grupos.","lexical:nen, lexical:nena",True,2,"{""address_terms"": [""nena"", ""nena""]}",0
Spanish Affair_2014_976394_430,"¡Que cómo os conocisteis, hostia!",greetings,0.8,Spanish Affair,"00:29:58,255","00:29:59,962","Bueno, pues dices ""hostia"" en vez ""mi arma"", | porque si mi padre te escucha.","Nos presentaron unas amigas de su pueblo. | Eso es muy soso. Eso no tiene chicha ni ""ná"".",,True,2,"{""swears_edgy"": [""hostia"", ""hostia""]}",0
Evil Dead II_1987_418393_137,"Espero que t'hi podreixis, aquí avall.",farewells,0.6050031852722169,Evil Dead II,"00:38:43,531","00:38:45,450","M'he equivocat. | Ja ho pots ben dir, xantatgista fill de puta.","Hòstia! | Ja sé que fa mal, nena, però tot sortirà bé.",,True,2,"{""address_terms"": [""nena""], ""swears_edgy"": [""H\u00f2stia""]}",0
Spanish Affair_2014_976542_430,"¡Que cómo os conocisteis, hostia!",greetings,0.8,Spanish Affair,"00:30:01,509","00:30:03,219","Bueno, pues dices ""hostia"" en vez ""mi arma"", | porque si mi padre te escucha.","Nos presentaron unas amigas de su pueblo. | Eso es muy soso. Eso no tiene chicha ni ""ná"".",,True,2,"{""swears_edgy"": [""hostia"", ""hostia""]}",0
Sin City_2005_204804_773,"Entra en el auto nena. Vamos a hablar, sera agradable.",plans,0.8,Sin City,"00:56:57,536","00:57:00,382","¿Adonde vas? Te llevaremos. No cariño. Yo trabajo por el dia. | Y ha sido un largo dia. Ademas, no trabajo grupos.","Yo tampoco hablo. | Nena, he tenido un dia muy malo.","lexical:nen, lexical:nena",True,2,"{""address_terms"": [""nena"", ""Nena""]}",0
Barcelona Summer Night_2013_6579113_422,"¡Hostia, Marta!",greetings,0.6642912101745606,Barcelona Summer Night,"00:19:15,400","00:19:15,790","Hostia, como sea tan alta como la última | igual está debajo de la mesa.","Perdona, ¿eh? | Pero bueno, que no has contestao a la pregunta.",,True,2,"{""swears_edgy"": [""Hostia"", ""Hostia""]}",0
Barcelona Summer Night_2013_6579113_420,"Hostia, como sea tan alta como la última",farewells,0.6113667678833008,Barcelona Summer Night,"00:19:11,160","00:19:13,210","Todo bien. | ¿Y así qué, Joan, alguna mujer en tu vida?","igual está debajo de la mesa. | ¡Hostia, Marta!",,True,2,"{""swears_edgy"": [""Hostia"", ""Hostia""]}",0
Barcelona Summer Night_2013_6579113_762,"Perdonad, pero me voy a cagar.",apologies,0.6786544990539551,Barcelona Summer Night,"00:35:43,120","00:35:44,620",Faltaban dos Huesitos. | Hostia puta.,"Josep, por favor. ¿No estamos en familia. | ¿Y qué? ¿Veréis el cometa más tarde?",,True,1,"{""swears_edgy"": [""Hostia""]}",0
Barcelona Summer Night_2013_6579113_1424,Pues que si algún día atropella a nuestro hijo,family,0.8,Barcelona Summer Night,"01:13:06,560","01:13:08,910",Solo quiero que sepas que. | ¿Qué?,"voy a estar supercerca para pegar todos los trozos. | Ostras, tío, pero es lo más macu que me has dicho nunca, ¿eh?",,True,1,"{""fillers_reactions"": [""Ostras""]}",0
Tres dies amb la família_2009_91467_316,Un momento por favor.,farewells,0.6423063468933106,Tres dies amb la família,"00:35:50,847","00:35:52,997","Mar, ¿puedo llamar? En mi habitación. A la derecha. | Te mando un beso muy grande, cariño.","¿Te acuerdas de Léa, no? Sí, un poco sí. | ¿Qué tal París? Hostia, ¿sabes que fui con Carla?",,True,1,"{""swears_edgy"": [""Hostia""]}",0
Tres dies amb la família_2009_91467_464,"Espera, espera. Qué buenas.",farewells,0.7947064590454103,Tres dies amb la família,"00:55:44,127","00:55:45,958",La recordaba más grande. | ¡Hostia!,Sigue cerrada. ¿Sí? | ¡Qué fuerte!,,True,1,"{""swears_edgy"": [""Hostia""]}",0
Tres dies amb la família_2009_91467_318,"¿Qué tal París? Hostia, ¿sabes que fui con Carla?",greetings,0.7970120334625245,Tres dies amb la família,"00:36:00,167","00:36:03,079","Un momento por favor. | ¿Te acuerdas de Léa, no? Sí, un poco sí.","Fuimos a un bar que no te puedes perder. | ""Les contables"". La polla, increíble.",,True,1,"{""swears_edgy"": [""Hostia""]}",0
Tres dies amb la família_2009_91467_319,Fuimos a un bar que no te puedes perder.,requests,0.8,Tres dies amb la família,"00:36:03,247","00:36:05,397","¿Te acuerdas de Léa, no? Sí, un poco sí. | ¿Qué tal París? Hostia, ¿sabes que fui con Carla?","""Les contables"". La polla, increíble. | No, yo estoy en Toulouse.",,True,1,"{""swears_edgy"": [""Hostia""]}",0
Tres dies amb la família_2009_91467_333,"Hostia, qué guapo. Bueno, una pena que te vayas, pero.",farewells,0.6832783889770508,Tres dies amb la família,"00:36:42,807","00:36:45,958","No sé qué poner, es tanto tiempo que. | ¿A Nicaragua vas? Sí.","¿Y dónde vais? ¿A Managua? | Sí, a Managua justamente. ¿Has estado?",,True,1,"{""swears_edgy"": [""Hostia""]}",0
Barcelona Summer Night_2013_6579113_475,"Anda, toma. Una miqueta. ¿Uh?",farewells,0.7848921966552735,Barcelona Summer Night,"00:21:26,120","00:21:27,570","¿Cómo que va ficatel? | Hostia, Carles, ¿en serio?","Importante, leo aquí. | La línea de control siempre debe aparecer.",,True,1,"{""swears_edgy"": [""Hostia""]}",2
Vicky Cristina Barcelona_2008_4068420_438,"Hola. ¿Llamo en un mal momento, nena?",greetings,0.9008540773391724,Vicky Cristina Barcelona,"00:26:04,638","00:26:07,304",.en ningún lugar de la Tierra. Mi padre lo usó para traerme aquí. | Hola.,"Hola. No, estoy por comer. | ¿Puedo llamarte luego?","lexical:nen, lexical:nena",True,1,"{""address_terms"": [""nena""]}",0
Vicky Cristina Barcelona_2008_4068420_439,"Hola. No, estoy por comer.",greetings,0.8308183813095092,Vicky Cristina Barcelona,"00:26:08,025","00:26:10,020","Hola. | Hola. ¿Llamo en un mal momento, nena?",¿Puedo llamarte luego? | Déjame decir una cosa.,,True,1,"{""address_terms"": [""nena""]}",0
Vicky Cristina Barcelona_2008_4068420_444,¿Sí? Bueno.,farewells,0.6921388816833497,Vicky Cristina Barcelona,"00:26:18,319","00:26:19,762","Paul y Maryanne dijeron que encontraron una casa. | .en donde están, que les gusta incluso más que la de Bedford Hills.",.te estoy perdiendo un poco. | ¿Nena? No. Llámame luego.,,True,1,"{""address_terms"": [""Nena""]}",0
Vicky Cristina Barcelona_2008_4068420_561,"¿Hola? Hola, nena.",greetings,1.0,Vicky Cristina Barcelona,"00:33:42,573","00:33:44,932",También Vicky estaba perdida con sus pensamientos de una noche. | .que ahora parecía más y más irreal.,"¿Te desperté? | No, no, no.","lexical:nen, lexical:nena",True,1,"{""address_terms"": [""nena""]}",0
Barcelona Summer Night_2013_6579113_700,"Es verdad. Venga, va, sopla.",farewells,0.7832068634033204,Barcelona Summer Night,"00:32:41,520","00:32:43,200",Os echo en falta y. | nos vemos demasiado poco.,¡Bravo! | ¡Hostia!,,True,1,"{""swears_edgy"": [""Hostia""]}",0
Vicky Cristina Barcelona_2008_4061345_1353,"Escúchame, mi amor.",greetings,0.6172080230712891,Vicky Cristina Barcelona,"01:30:16,708","01:30:19,581",Dame la pistola. Dámela. | Que me des la pistola. ¡Hostia!,"Mi amor, escúchame. | Ya, ya, mi amor, ya.",,True,1,"{""swears_edgy"": [""Hostia""]}",0
Barcelona Summer Night_2013_6579113_430,"Va, ya voy yo. ¿Vas tú?",farewells,0.6804107856750489,Barcelona Summer Night,"00:19:35,400","00:19:36,650","Hostia, está fuerte con el chaval.","La policía. | Tranquilos, llevo el DNI.",,True,1,"{""swears_edgy"": [""Hostia""]}",0
Vicky Cristina Barcelona_2008_4068420_1413,Éste está bien.,farewells,0.6409083557128907,Vicky Cristina Barcelona,"01:26:27,713","01:26:28,886",".que, en realidad, estás más enamorada de mí que con quien estás casada. | No puedo hablar.","Sí, muy bien, sí. | Oye, nena, ¿qué te parece?",,True,1,"{""address_terms"": [""nena""]}",0
Spanish Affair_2014_976542_1138,vamos a acabar aquí todos emocionados.,plans,0.8,Spanish Affair,"01:08:00,330","01:08:02,415","Las despedidas no me gustan una hostia, así que, mejor callar y. | marchar también tendré que hacer, porque si no,","Buena boda, ¿eh? Disfrutad y. Antxón, | perdona si al principio, pues, oye. pues. Oye, aquí somos así.",,True,1,"{""swears_edgy"": [""hostia""]}",0
Spanish Affair_2014_976542_1184,"Ahora habrá que ir a la ermita y está en ""casa Dios"".",family,0.8,Spanish Affair,"01:10:10,710","01:10:14,214","chuletón de kilo y medio cada uno, a ver si se atraganta el sevillano. | Voy a llamar al puto cura. ¡Hostia! El móvil iba ahí.","Bueno, iremos. Venga, iremos. | La pareja debe ser consciente de la responsabilidad que conlleva",,True,1,"{""swears_edgy"": [""Hostia""]}",0
Spanish Affair_2014_976542_1332,¿Adónde vamos a ir?,plans,0.8295938634872436,Spanish Affair,"01:20:10,101","01:20:11,102","Si se tienen que casar otro día, pues otro día u otro año. | Sí, ya vamos, ¿eh? Saliendo estamos.","Pero, ¿tú estás loca, ""mi arma""? Hostia, o como mierda se diga. | Koldo, que lo dejen, que empeñamos en que hay que casarse",,True,1,"{""swears_edgy"": [""Hostia""]}",0
Spanish Affair_2014_976542_1406,"¡Que ya voy, hostia!",farewells,0.8,Spanish Affair,"01:24:29,110","01:24:30,403",¿aceptas a. a Antxón como tu legítimo esposo? | ¡Amaia!,"Sí, quiero.",,True,1,"{""swears_edgy"": [""hostia""]}",0
Spanish Affair_2014_976542_1423,"¿Qué andas, hostia?",greetings,0.8,Spanish Affair,"01:26:24,017","01:26:26,603",,¡Anne! | ¡Anne!,,True,1,"{""swears_edgy"": [""hostia""]}",0
Evil Dead II_1987_418393_188,Escolta bé,farewells,0.662878818511963,Evil Dead II,"00:43:15,178","00:43:16,471","Ens n'anirem, nena, anirem per aquell caminoi. | Ningú surt d'aquí fins que no es faci de dia.","""Calla, petitona, no diguis res La mare et comprarà un ocellet."" | ""Si l'ocellet no canta La mare et comprarà un anell de diamant.""",,True,1,"{""address_terms"": [""nena""]}",0
Vicky Cristina Barcelona_2008_4065670_1353,"Escúchame, mi amor.",greetings,0.6172080230712891,Vicky Cristina Barcelona,"01:30:44,708","01:30:47,581",Dame la pistola. Dámela. | Que me des la pistola. ¡Hostia!,"Mi amor, escúchame. | Ya, ya, mi amor, ya.",,True,1,"{""swears_edgy"": [""Hostia""]}",0
Vicky Cristina Barcelona_2008_4065670_1354,"Mi amor, escúchame.",greetings,0.602490634918213,Vicky Cristina Barcelona,"01:30:48,426","01:30:53,078","Que me des la pistola. ¡Hostia! | Escúchame, mi amor.","Ya, ya, mi amor, ya. | ¡Dios!",,True,1,"{""swears_edgy"": [""Hostia""]}",0
Barcelona Summer Night_2013_6579113_121,¡Ey! Hostia.,greetings,0.7245878410339356,Barcelona Summer Night,"00:05:48,920","00:05:49,620",,¿Qué haces aquí? Que esta noche voy al Apolo. | Que Ricart pincha.,,True,1,"{""swears_edgy"": [""Hostia""]}",0
Barcelona Summer Night_2013_6579113_122,¿Qué haces aquí? Que esta noche voy al Apolo.,plans,0.8585906171798706,Barcelona Summer Night,"00:05:51,520","00:05:53,870",¡Ey! Hostia.,Que Ricart pincha. | Y había pensado que igual podía venir.,lexical:che,True,1,"{""swears_edgy"": [""Hostia""]}",0
Barcelona Summer Night_2013_6579113_172,Es la fiesta de su hermana.,family,0.6508510971069336,Barcelona Summer Night,"00:07:51,960","00:07:53,310",No iré. | No me han invitado.,"Nadie te invitará. | Hostia, qué casa que tienes, Joan, cabrón.",,True,1,"{""swears_edgy"": [""Hostia""]}",0
Barcelona Summer Night_2013_6579113_174,"Hostia, qué casa que tienes, Joan, cabrón.",family,0.8,Barcelona Summer Night,"00:07:56,280","00:07:58,430",Es la fiesta de su hermana. | Nadie te invitará.,Huele un poco a cerrado eso sí. | Gracias. Encima que os invito.,,True,1,"{""swears_edgy"": [""Hostia""]}",0
Barcelona Summer Night_2013_6579113_176,Gracias. Encima que os invito.,farewells,0.7218794059753418,Barcelona Summer Night,"00:08:00,600","00:08:02,100","Hostia, qué casa que tienes, Joan, cabrón. | Huele un poco a cerrado eso sí.",¿Qué? ¿Preparados para ver el cometa? | Y tanto.,,True,1,"{""swears_edgy"": [""Hostia""]}",0
Barcelona Summer Night_2013_6579113_418,Todo bien.,farewells,0.7549678993225099,Barcelona Summer Night,"00:19:05,960","00:19:06,460","Pues soy yo. | No, no, no, no. Está bien, está bien.","¿Y así qué, Joan, alguna mujer en tu vida? | Hostia, como sea tan alta como la última",,True,1,"{""swears_edgy"": [""Hostia""]}",0
Barcelona Summer Night_2013_6579113_423,"Perdona, ¿eh?",apologies,1.0,Barcelona Summer Night,"00:19:17,520","00:19:18,170","igual está debajo de la mesa. | ¡Hostia, Marta!","Pero bueno, que no has contestao a la pregunta. | ¿Alguna chica en tu vida?",,True,1,"{""swears_edgy"": [""Hostia""]}",0
Vicky Cristina Barcelona_2008_4068420_1209,"No lo sé. Es decir, nena, ¿podrías vivir así?",requests,0.8,Vicky Cristina Barcelona,"01:13:15,266","01:13:17,613","Sabes que María Elena cree que hay. | .muchas verdades en la vida, no sólo una.","Bueno, yo nunca he tenido la. | ¿La falta de estructura de Cristina? De hecho, es muy estructurado.","lexical:nen, lexical:nena",True,1,"{""address_terms"": [""nena""]}",0
Three Many Weddings_2013_965804_798,Buenos días. Buenos días.,greetings,0.8521532440185547,Three Many Weddings,"00:52:29,897","00:52:31,941",Perdona. | ¿Por dónde? Por ahí.,Llego tarde al curro pero ha sido increíble. | Ya.,,True,1,"{""money_work"": [""curro""]}",0
Vicky Cristina Barcelona_2008_4068420_1415,"Oye, nena, ¿qué te parece?",greetings,0.6549555015563966,Vicky Cristina Barcelona,"01:26:32,407","01:26:34,855","Éste está bien. | Sí, muy bien, sí.",¿Quién era? ¿Quién? | Al teléfono.,"lexical:nen, lexical:nena",True,1,"{""address_terms"": [""nena""]}",0
The Ring of a Spanish Grandee_1912_680520_1456,Mi hijo por eso estoy aquí.,family,0.7796904706954956,The Ring of a Spanish Grandee,"02:58:00,500","02:58:02,620",.pero estoy viendo cosas\nen mi cabeza. lmágenes. | Y mi hijo también.,Y de alguna manera no sé cómo pero. | .todo es por esa niña.,,True,1,"{""address_terms"": [""nen""]}",0
Flesh_1932_6127400_472,"Claro que te quiero, nena. Ven aquí.",greetings,0.6118601989746094,Flesh,"00:41:54,989","00:41:56,946","Tú me quieres, ¿no? | ¡Contéstame!",Yo no lo sabía. Ahora es distinto. | Nicky.,"lexical:nen, lexical:nena",True,1,"{""address_terms"": [""nena""]}",0
The Ring of a Spanish Grandee_1912_680520_494,Anna Morgan estaba abrazando a su hija\nen el momento del accidente.,family,0.8,The Ring of a Spanish Grandee,"00:55:41,480","00:55:45,310",Richard Morgan propietario de ranchos | Jinete lastimado en exhibición ecuestre,¿Hija? | Oye tú.,lexical:nen,True,1,"{""address_terms"": [""nen""]}",0
The Ring of a Spanish Grandee_1912_680520_607,Y mi hijo también.,family,0.8434606695175171,The Ring of a Spanish Grandee,"01:10:07,110","01:10:08,270",Mire perdón. No sé cómo decir esto. | .pero estoy viendo cosas\nen mi cabeza. lmágenes.,Mi hijo por eso estoy aquí. | Y de alguna manera no sé cómo pero.,,True,1,"{""address_terms"": [""nen""]}",0
The Ring of a Spanish Grandee_1912_680520_608,Mi hijo por eso estoy aquí.,family,0.7796904706954956,The Ring of a Spanish Grandee,"01:10:09,510","01:10:11,640",.pero estoy viendo cosas\nen mi cabeza. lmágenes. | Y mi hijo también.,Y de alguna manera no sé cómo pero. | .todo es por esa niña.,,True,1,"{""address_terms"": [""nen""]}",0
The Ring of a Spanish Grandee_1912_680520_645,Puede ser. Ud. es el papá de la paciente ¿ verdad?,family,0.681240668296814,The Ring of a Spanish Grandee,"01:12:35,930","01:12:38,520",1978. Caray de veras estamos regresando\nen el tiempo. | Me dijeron que la debe de tener.,Sí Richard Morgan yo soy. | ¿ Cuál es su secreto? Dieta y ejercicio amigo.,,True,1,"{""address_terms"": [""nen""]}",0
The Ring of a Spanish Grandee_1912_680520_1342,Anna Morgan estaba abrazando a su hija\nen el momento del accidente.,family,0.8,The Ring of a Spanish Grandee,"02:43:32,460","02:43:36,300",Richard Morgan propietario de ranchos | Jinete lastimado en exhibición ecuestre,¿Hija? | Oye tú.,lexical:nen,True,1,"{""address_terms"": [""nen""]}",0
The Ring of a Spanish Grandee_1912_680520_1455,Y mi hijo también.,family,0.8434606695175171,The Ring of a Spanish Grandee,"02:57:58,090","02:57:59,250",Mire perdón. No sé cómo decir esto. | .pero estoy viendo cosas\nen mi cabeza. lmágenes.,Mi hijo por eso estoy aquí. | Y de alguna manera no sé cómo pero.,,True,1,"{""address_terms"": [""nen""]}",0
The Ring of a Spanish Grandee_1912_680520_1493,Puede ser. Ud. es el papá de la paciente ¿ verdad?,family,0.681240668296814,The Ring of a Spanish Grandee,"03:00:26,910","03:00:29,500",1978. Caray de veras estamos regresando\nen el tiempo. | Me dijeron que la debe de tener.,Sí Richard Morgan yo soy. | ¿ Cuál es su secreto? Dieta y ejercicio amigo.,,True,1,"{""address_terms"": [""nen""]}",0
Three Many Weddings_2013_965804_229,Es un pueblo de puta madre. ¿Eres de allí? ¿Son familia?,family,0.8,Three Many Weddings,"00:14:12,435","00:14:15,689","¿Otra? | Alex y Sagrario, Villapuebla de Medinaceli.",Compañeros de curro. Yo digo eso. | No hay premio si lo adivinas.,,True,1,"{""money_work"": [""curro""]}",0
Vicky Cristina Barcelona_2008_4066037_438,"Hola. ¿Llamo en un mal momento, nena?",greetings,0.9008540773391724,Vicky Cristina Barcelona,"00:26:01,738","00:26:04,404",.en ningún lugar de la Tierra. Mi padre lo usó para traerme aquí. | Hola.,"Hola. No, estoy por comer. | ¿Puedo llamarte luego?","lexical:nen, lexical:nena",True,1,"{""address_terms"": [""nena""]}",0
Vicky Cristina Barcelona_2008_4066037_439,"Hola. No, estoy por comer.",greetings,0.8308183813095092,Vicky Cristina Barcelona,"00:26:05,125","00:26:07,120","Hola. | Hola. ¿Llamo en un mal momento, nena?",¿Puedo llamarte luego? | Déjame decir una cosa.,,True,1,"{""address_terms"": [""nena""]}",0
Vicky Cristina Barcelona_2008_4066037_444,¿Sí? Bueno.,farewells,0.6921388816833497,Vicky Cristina Barcelona,"00:26:15,419","00:26:16,862","Paul y Maryanne dijeron que encontraron una casa. | .en donde están, que les gusta incluso más que la de Bedford Hills.",.te estoy perdiendo un poco. | ¿Nena? No. Llámame luego.,,True,1,"{""address_terms"": [""Nena""]}",0
Vicky Cristina Barcelona_2008_4066037_561,"¿Hola? Hola, nena.",greetings,1.0,Vicky Cristina Barcelona,"00:33:39,673","00:33:42,032",También Vicky estaba perdida con sus pensamientos de una noche. | .que ahora parecía más y más irreal.,"¿Te desperté? | No, no, no.","lexical:nen, lexical:nena",True,1,"{""address_terms"": [""nena""]}",0
Vicky Cristina Barcelona_2008_4066037_1209,"No lo sé. Es decir, nena, ¿podrías vivir así?",requests,0.8,Vicky Cristina Barcelona,"01:13:12,366","01:13:14,713","Sabes que María Elena cree que hay. | .muchas verdades en la vida, no sólo una.","Bueno, yo nunca he tenido la. | ¿La falta de estructura de Cristina? De hecho, es muy estructurado.","lexical:nen, lexical:nena",True,1,"{""address_terms"": [""nena""]}",0
Vicky Cristina Barcelona_2008_4066037_1413,Éste está bien.,farewells,0.6409083557128907,Vicky Cristina Barcelona,"01:26:24,813","01:26:25,986",".que, en realidad, estás más enamorada de mí que con quien estás casada. | No puedo hablar.","Sí, muy bien, sí. | Oye, nena, ¿qué te parece?",,True,1,"{""address_terms"": [""nena""]}",0
Vicky Cristina Barcelona_2008_4066037_1415,"Oye, nena, ¿qué te parece?",greetings,0.6549555015563966,Vicky Cristina Barcelona,"01:26:29,507","01:26:31,955","Éste está bien. | Sí, muy bien, sí.",¿Quién era? ¿Quién? | Al teléfono.,"lexical:nen, lexical:nena",True,1,"{""address_terms"": [""nena""]}",0
Flesh_1932_6127400_471,¡Contéstame!,greetings,0.6892051887512207,Flesh,"00:41:49,149","00:41:50,478","vamos a irnos de aquí, ¿verdad? No lo decías en serio, ¿no? | Tú me quieres, ¿no?","Claro que te quiero, nena. Ven aquí. | Yo no lo sabía. Ahora es distinto.",,True,1,"{""address_terms"": [""nena""]}",1
Flesh_1932_6127400_470,"Tú me quieres, ¿no?",plans,0.8,Flesh,"00:41:45,728","00:41:47,768","Nicky, ahora que lo sabes. | vamos a irnos de aquí, ¿verdad? No lo decías en serio, ¿no?","¡Contéstame! | Claro que te quiero, nena. Ven aquí.",,True,1,"{""address_terms"": [""nena""]}",1
Spanish Affair_2014_976394_1423,"¿Qué andas, hostia?",greetings,0.8,Spanish Affair,"01:26:20,759","01:26:23,308",,¡Anne! | ¡Anne!,,True,1,"{""swears_edgy"": [""hostia""]}",0
Spanish Affair_2014_976394_1406,"¡Que ya voy, hostia!",farewells,0.8,Spanish Affair,"01:24:25,853","01:24:27,139",¿aceptas a. a Antxón como tu legítimo esposo? | ¡Amaia!,"Sí, quiero.",,True,1,"{""swears_edgy"": [""hostia""]}",0
Spanish Affair_2014_976542_1112,"Yo voy a dormir un poco. Es que mañana quiero salir pronto,",plans,0.901521339416504,Spanish Affair,"01:06:18,311","01:06:22,107",¡Chin-chin! | ¡Chin-chin!,porque se juntan en el puerto la hostia de. | txalupas con arrantzales que vienen de hacer el txipirón.,,True,1,"{""swears_edgy"": [""hostia""]}",0
Spanish Affair_2014_976394_28,No puedes estar así con todo el mundo por culpa de Antxón.,requests,0.8,Spanish Affair,"00:03:38,802","00:03:41,385",porque me están entrando unas ganas de soltarte una hostia. | ¿Qué?,"Shh. Hemos dicho que no íbamos a hablar de él. | Qué maravilla de mujeres, Joaquín. ¿Esas tres, Currito? Ni se te ocurra.",,True,1,"{""swears_edgy"": [""hostia""]}",0
Spanish Affair_2014_976394_340,"Pero, bien, bien, se ha portado bien. ¿Aquí qué? ¿Txirimiri?",farewells,0.6635969352722169,Spanish Affair,"00:25:41,040","00:25:46,217","Aúpa. | ¡Largo viaje, la hostia! Le he metido leña al ""Sabino"", ¿eh?","Toda la semana lloviendo, sí. | ¿Sí?",,True,1,"{""swears_edgy"": [""hostia""]}",0
Spanish Affair_2014_976394_471,"¿Qué pasa, Koldo? ¿Cómo estás? ¡Aúpa ahí!",greetings,1.0,Spanish Affair,"00:32:10,762","00:32:13,800","Hoy vas a ver que con Antxón, todo genial. | ""Epa"".","¡Aúpa! Igual hoy te venía fatal quedar. | No, de jugar a pelota vengo, hostia.",,True,1,"{""swears_edgy"": [""hostia""]}",1
Spanish Affair_2014_976394_515,"Escúchame, ¿parezco ""aberchándal""?",greetings,0.613966007232666,Spanish Affair,"00:34:06,461","00:34:08,168",Y deja de hacerla pelota con tanto abrazo y tanta hostia. | Que no estás en Sevilla.,"Abertzale. | SÍ, ¿no?",,True,1,"{""swears_edgy"": [""hostia""]}",0
Spanish Affair_2014_976394_828,¡Aúpa! Aúpa ahí.,farewells,0.6310929489135743,Spanish Affair,"00:50:50,297","00:50:51,913","¡Venga! | Oso ondo, agur. Eskerrik asko.","Aúpa. ¡Pon ahí, tres txikitos! Crianza, ¿eh? Que paga el yerno. | ¡Hostia, mira quién ha venido! ¡Ugaitz!",,True,1,"{""swears_edgy"": [""Hostia""]}",0
Spanish Affair_2014_976394_848,"Ya verás, ya. ¡Venga!",farewells,0.8,Spanish Affair,"00:51:48,397","00:51:50,525","Lo de ir un paso más allá. Porque tú estás seguro, ¿no? | Hombre, un pasito. Tampoco.","¡Hostia! ¡En euskera, venga!",,True,1,"{""swears_edgy"": [""Hostia""]}",0
Spanish Affair_2014_976394_851,"Que sí, que bai, que. yo las digo en euskera encantado.",greetings,0.825145115852356,Spanish Affair,"00:51:57,573","00:52:00,543","¡Hostia! ¡En euskera, venga!","Lo que pasa que yo soy más de pensar en euskera, | y traducir al español para hablar. al ""estatal"", como yo le llamo.",,True,1,"{""swears_edgy"": [""Hostia""]}",0
Spanish Affair_2014_976394_886,"¡Ixo, ¡xo! ¡Ixo, hostia! Va.",farewells,0.725020046234131,Spanish Affair,"00:54:11,832","00:54:14,665","""Tranqui"", que aquí nunca ha pasado nada. | ¡Independentzia! ¡Bide bakarra da!","Venga, coge el megáfono, que queremos escucharte. | Que no. A ver, yo decía cuatro cosas muy borrokas,",,True,1,"{""swears_edgy"": [""hostia""]}",0
Spanish Affair_2014_976394_954,Buenísimo.,farewells,0.7188610267639161,Spanish Affair,"00:57:43,794","00:57:45,535",¿Qué? ¿Cómo estaba el bonito? | Más fresco no vais a encontrar.,"De la hostia estaba el bonito, ¿eh, Koldo? | Mira, Antxón, una cosa te voy a decir.",,True,1,"{""swears_edgy"": [""hostia""]}",0
Spanish Affair_2014_976394_1112,"Yo voy a dormir un poco. Es que mañana quiero salir pronto,",plans,0.901521339416504,Spanish Affair,"01:06:15,055","01:06:18,844",¡Chin-chin! | ¡Chin-chin!,porque se juntan en el puerto la hostia de. | txalupas con arrantzales que vienen de hacer el txipirón.,,True,1,"{""swears_edgy"": [""hostia""]}",0
Spanish Affair_2014_976394_1115,y prefiero evitar el pitote.,opinions,0.6484662914276124,Spanish Affair,"01:06:35,450","01:06:37,191",porque se juntan en el puerto la hostia de. | txalupas con arrantzales que vienen de hacer el txipirón.,"Claro. | Anne. el baño, si quieres saber, arriba tienes.",,True,1,"{""swears_edgy"": [""hostia""]}",0
Spanish Affair_2014_976394_1138,vamos a acabar aquí todos emocionados.,plans,0.8,Spanish Affair,"01:07:57,031","01:07:59,159","Las despedidas no me gustan una hostia, así que, mejor callar y. | marchar también tendré que hacer, porque si no,","Buena boda, ¿eh? Disfrutad y. Antxón, | perdona si al principio, pues, oye. pues. Oye, aquí somos así.",,True,1,"{""swears_edgy"": [""hostia""]}",0
Spanish Affair_2014_976394_1184,"Ahora habrá que ir a la ermita y está en ""casa Dios"".",family,0.8,Spanish Affair,"01:10:07,495","01:10:10,920","chuletón de kilo y medio cada uno, a ver si se atraganta el sevillano. | Voy a llamar al puto cura. ¡Hostia! El móvil iba ahí.","Bueno, iremos. Venga, iremos. | La pareja debe ser consciente de la responsabilidad que conlleva",,True,1,"{""swears_edgy"": [""Hostia""]}",0
Spanish Affair_2014_976394_1332,¿Adónde vamos a ir?,plans,0.8295938634872436,Spanish Affair,"01:20:06,802","01:20:07,883","Si se tienen que casar otro día, pues otro día u otro año. | Sí, ya vamos, ¿eh? Saliendo estamos.","Pero, ¿tú estás loca, ""mi arma""? Hostia, o como mierda se diga. | Koldo, que lo dejen, que empeñamos en que hay que casarse",,True,1,"{""swears_edgy"": [""Hostia""]}",0
Spanish Affair_2014_976542_1115,y prefiero evitar el pitote.,opinions,0.6484662914276124,Spanish Affair,"01:06:38,707","01:06:40,417",porque se juntan en el puerto la hostia de. | txalupas con arrantzales que vienen de hacer el txipirón.,"Claro. | Anne. el baño, si quieres saber, arriba tienes.",,True,1,"{""swears_edgy"": [""hostia""]}",0
Spanish Affair_2014_976542_848,"Ya verás, ya. ¡Venga!",farewells,0.8,Spanish Affair,"00:51:51,611","00:51:53,822","Lo de ir un paso más allá. Porque tú estás seguro, ¿no? | Hombre, un pasito. Tampoco.","¡Hostia! ¡En euskera, venga!",,True,1,"{""swears_edgy"": [""Hostia""]}",0
Spanish Affair_2014_976542_954,Buenísimo.,farewells,0.7188610267639161,Spanish Affair,"00:57:47,008","00:57:48,802",¿Qué? ¿Cómo estaba el bonito? | Más fresco no vais a encontrar.,"De la hostia estaba el bonito, ¿eh, Koldo? | Mira, Antxón, una cosa te voy a decir.",,True,1,"{""swears_edgy"": [""hostia""]}",0
Spanish Affair 2_2015_2833100_710,"""Jo"" que sí rima, pero vamos. A ver cómo acaba el sainete.",farewells,0.6549575996398926,Spanish Affair 2,"00:43:10,172","00:43:14,259","Que no me estoy riendo, Koldo. Que es que me está tocando cosas. | ¡Rima de la hostia! ¿O no? 0 sí, ¿o qué?","Al final. Bueno, falta, pero a ver. | ""Agur, agur Sabino, te vas a quedar ""sinmigo"".",,True,1,"{""swears_edgy"": [""hostia""]}",1
Spanish Affair 2_2015_2833100_1380,"Corre, corre que se nos casa, ¿tengo el pelo bien para la boda?",family,0.8,Spanish Affair 2,"01:24:01,371","01:24:05,250","Koldo, soy Merche. Nos están esperando en la boda. | ¡Como no te des la vuelta ahora mismo te la vas a cargar!","Para, para un momento. ¡Para, hostia! | Yo con ese maqueto, no quiero saber nada.",,True,1,"{""swears_edgy"": [""hostia""]}",0
Spanish Affair 2_2015_2833100_1381,"Para, para un momento. ¡Para, hostia!",farewells,0.6060287666320802,Spanish Affair 2,"01:24:05,542","01:24:09,504","¡Como no te des la vuelta ahora mismo te la vas a cargar! | Corre, corre que se nos casa, ¿tengo el pelo bien para la boda?","Yo con ese maqueto, no quiero saber nada. | Mira, Koldo, dos cosas te voy a decir.",,True,1,"{""swears_edgy"": [""hostia""]}",0
Spanish Affair 2_2015_2833100_1514,"Venga, venga.",farewells,0.737132568359375,Spanish Affair 2,"01:33:47,748","01:33:49,542",¿Lo has entendido? | “D' acotó“.,"Ay, señor. | ¡Es que a mí Rafa me pone de muy mala hostia!",,True,1,"{""swears_edgy"": [""hostia""]}",0
Spanish Affair 2_2015_2833100_1517,"Me parece chulo, ""exagerau"",",opinions,0.8,Spanish Affair 2,"01:33:55,381","01:33:59,301","Ay, señor. | ¡Es que a mí Rafa me pone de muy mala hostia!","me pone de los nervios con sus chistes malísimos, | y que me llame ""mi arma"".",,True,1,"{""swears_edgy"": [""hostia""]}",0
Spanish Affair_2014_977086_25,No puedes estar así con todo el mundo por culpa de Antxón.,requests,0.8,Spanish Affair,"00:03:38,802","00:03:41,385",porque me están entrando unas ganas de soltarte una hostia. | ¿Qué?,"Shh. Hemos dicho que no íbamos a hablar de él. | Qué maravilla de mujeres, Joaquín. ¿Esas tres, Currito? Ni se te ocurra.",,True,1,"{""swears_edgy"": [""hostia""]}",0
Spanish Affair_2014_977086_316,"Pero, bien, bien, se ha portado bien. ¿Aquí qué? ¿Txirimiri?",farewells,0.6635969352722169,Spanish Affair,"00:25:41,040","00:25:46,217","Aúpa. | ¡Largo viaje, la hostia! Le he metido leña al ""Sabino"", ¿eh?","Toda la semana lloviendo, sí. | ¿Sí?",,True,1,"{""swears_edgy"": [""hostia""]}",0
Spanish Affair_2014_977086_446,"¿Qué pasa, Koldo? ¿Cómo estás? ¡Aúpa ahí!",greetings,1.0,Spanish Affair,"00:32:10,762","00:32:13,800","Hoy vas a ver que con Antxón, todo genial. | ""Epa"".","¡Aúpa! Igual hoy te venía fatal quedar. | No, de jugar a pelota vengo, hostia.",,True,1,"{""swears_edgy"": [""hostia""]}",1
Spanish Affair_2014_977086_490,"Escúchame, ¿parezco ""aberchándal""?",greetings,0.613966007232666,Spanish Affair,"00:34:06,461","00:34:08,168",Y deja de hacerla pelota con tanto abrazo y tanta hostia. | Que no estás en Sevilla.,"Abertzale. | SÍ, ¿no?",,True,1,"{""swears_edgy"": [""hostia""]}",0
Spanish Affair_2014_977086_790,¡Aúpa! Aúpa ahí.,farewells,0.6310929489135743,Spanish Affair,"00:50:50,297","00:50:51,913","¡Venga! | Oso ondo, agur. Eskerrik asko.","Aúpa. ¡Pon ahí, tres txikitos! Crianza, ¿eh? Que paga el yerno. | ¡Hostia, mira quién ha venido! ¡Ugaitz!",,True,1,"{""swears_edgy"": [""Hostia""]}",0
Spanish Affair_2014_977086_810,"Ya verás, ya. ¡Venga!",farewells,0.8,Spanish Affair,"00:51:48,397","00:51:50,525","Lo de ir un paso más allá. Porque tú estás seguro, ¿no? | Hombre, un pasito. Tampoco.","¡Hostia! ¡En euskera, venga! | Que sí, que bai, que. yo las digo en euskera encantado.",,True,1,"{""swears_edgy"": [""Hostia""]}",0
Spanish Affair_2014_977086_812,"Que sí, que bai, que. yo las digo en euskera encantado.",greetings,0.825145115852356,Spanish Affair,"00:51:57,573","00:52:00,543","Ya verás, ya. ¡Venga! | ¡Hostia! ¡En euskera, venga!","Lo que pasa que yo soy más de pensar en euskera, | y traducir al español para hablar. al ""estatal"", como yo le llamo.",,True,1,"{""swears_edgy"": [""Hostia""]}",0
Spanish Affair_2014_977086_847,"¡Ixo, ¡xo! ¡Ixo, hostia! Va.",farewells,0.725020046234131,Spanish Affair,"00:54:11,832","00:54:14,665","""Tranqui"", que aquí nunca ha pasado nada. | ¡Independentzia! ¡Bide bakarra da!","Venga, coge el megáfono, que queremos escucharte. | Que no. A ver, yo decía cuatro cosas muy borrokas,",,True,1,"{""swears_edgy"": [""hostia""]}",0
Spanish Affair_2014_977086_913,Buenísimo.,farewells,0.7188610267639161,Spanish Affair,"00:57:43,794","00:57:45,535",¿Qué? ¿Cómo estaba el bonito? | Más fresco no vais a encontrar.,"De la hostia estaba el bonito, ¿eh, Koldo? | Mira, Antxón, una cosa te voy a decir.",,True,1,"{""swears_edgy"": [""hostia""]}",0
Spanish Affair_2014_977086_1069,"Yo voy a dormir un poco. Es que mañana quiero salir pronto,",plans,0.901521339416504,Spanish Affair,"01:06:15,055","01:06:18,844",¡Chin-chin! | ¡Chin-chin!,porque se juntan en el puerto la hostia de. | txalupas con arrantzales que vienen de hacer el txipirón.,,True,1,"{""swears_edgy"": [""hostia""]}",0
Spanish Affair_2014_977086_1072,y prefiero evitar el pitote.,opinions,0.6484662914276124,Spanish Affair,"01:06:35,450","01:06:37,191",porque se juntan en el puerto la hostia de. | txalupas con arrantzales que vienen de hacer el txipirón.,"Claro. | Anne. el baño, si quieres saber, arriba tienes.",,True,1,"{""swears_edgy"": [""hostia""]}",0
Spanish Affair 2_2015_2833100_711,"Al final. Bueno, falta, pero a ver.",farewells,0.6582589340209961,Spanish Affair 2,"00:43:14,551","00:43:16,845","¡Rima de la hostia! ¿O no? 0 sí, ¿o qué? | ""Jo"" que sí rima, pero vamos. A ver cómo acaba el sainete.","""Agur, agur Sabino, te vas a quedar ""sinmigo"". | Agur, a puerto, remar. Con Merche, me quiero casar"".",,True,1,"{""swears_edgy"": [""hostia""]}",1
Spanish Affair 2_2015_2833100_691,"Ayúdame tú, ¿no eres andaluz?",greetings,0.6002913665771485,Spanish Affair 2,"00:42:05,607","00:42:07,276","En el barco venga y dale, venga y dale con el puto final, | y no me sale.","Échame, hostia, una mano con la frase esa última ahí, ¿eh? | Léemelo, a ver si te puedo echar un cable.",,True,1,"{""swears_edgy"": [""hostia""]}",0
Spanish Affair_2014_976542_886,"¡Ixo, ¡xo! ¡Ixo, hostia! Va.",farewells,0.725020046234131,Spanish Affair,"00:54:15,130","00:54:17,924","""Tranqui"", que aquí nunca ha pasado nada. | ¡Independentzia! ¡Bide bakarra da!","Venga, coge el megáfono, que queremos escucharte. | Que no. A ver, yo decía cuatro cosas muy borrokas,",,True,1,"{""swears_edgy"": [""hostia""]}",0
Spanish Affair 2_2015_2833100_626,"porque mañana tenéis todos los festejos y te veo muy nerviosa,",plans,0.8996721172332763,Spanish Affair 2,"00:38:28,474","00:38:32,269","¡Mira cállate, eh! Rafa. Oriol. ¡Collons! | ""Armanda"", tú lo que tienes que hacer es descansar","¿eh, chata? | Y esta noche no quiero encontrarme a nadie por los pasillos,",,True,1,"{""swears_edgy"": [""Collons""]}",0
Vicky Cristina Barcelona_2008_4065726_438,"Hola. ¿Llamo en un mal momento, nena?",greetings,0.9008540773391724,Vicky Cristina Barcelona,"00:26:03,938","00:26:06,604",.en ningún lugar de la Tierra. Mi padre lo usó para traerme aquí. | Hola.,"Hola. No, estoy por comer. | ¿Puedo llamarte luego?","lexical:nen, lexical:nena",True,1,"{""address_terms"": [""nena""]}",0
Vicky Cristina Barcelona_2008_4065726_439,"Hola. No, estoy por comer.",greetings,0.8308183813095092,Vicky Cristina Barcelona,"00:26:07,325","00:26:09,320","Hola. | Hola. ¿Llamo en un mal momento, nena?",¿Puedo llamarte luego? | Déjame decir una cosa.,,True,1,"{""address_terms"": [""nena""]}",0
Vicky Cristina Barcelona_2008_4065726_444,¿Sí? Bueno.,farewells,0.6921388816833497,Vicky Cristina Barcelona,"00:26:17,619","00:26:19,062","Paul y Maryanne dijeron que encontraron una casa. | .en donde están, que les gusta incluso más que la de Bedford Hills.",.te estoy perdiendo un poco. | ¿Nena? No. Llámame luego.,,True,1,"{""address_terms"": [""Nena""]}",0
Vicky Cristina Barcelona_2008_4065726_561,"¿Hola? Hola, nena.",greetings,1.0,Vicky Cristina Barcelona,"00:33:41,873","00:33:44,232",También Vicky estaba perdida con sus pensamientos de una noche. | .que ahora parecía más y más irreal.,"¿Te desperté? | No, no, no.","lexical:nen, lexical:nena",True,1,"{""address_terms"": [""nena""]}",0
Vicky Cristina Barcelona_2008_4065726_1209,"No lo sé. Es decir, nena, ¿podrías vivir así?",requests,0.8,Vicky Cristina Barcelona,"01:13:14,566","01:13:16,913","Sabes que María Elena cree que hay. | .muchas verdades en la vida, no sólo una.","Bueno, yo nunca he tenido la. | ¿La falta de estructura de Cristina? De hecho, es muy estructurado.","lexical:nen, lexical:nena",True,1,"{""address_terms"": [""nena""]}",0
Vicky Cristina Barcelona_2008_4065726_1413,Éste está bien.,farewells,0.6409083557128907,Vicky Cristina Barcelona,"01:26:27,013","01:26:28,186",".que, en realidad, estás más enamorada de mí que con quien estás casada. | No puedo hablar.","Sí, muy bien, sí. | Oye, nena, ¿qué te parece?",,True,1,"{""address_terms"": [""nena""]}",0
Vicky Cristina Barcelona_2008_4065726_1415,"Oye, nena, ¿qué te parece?",greetings,0.6549555015563966,Vicky Cristina Barcelona,"01:26:31,707","01:26:34,155","Éste está bien. | Sí, muy bien, sí.",¿Quién era? ¿Quién? | Al teléfono.,"lexical:nen, lexical:nena",True,1,"{""address_terms"": [""nena""]}",0
Spanish Affair 2_2015_2833100_53,¡Hostia.! Perdón.,farewells,0.7287955474853516,Spanish Affair 2,"00:06:06,117","00:06:08,077","Escúchame, tú y yo por qué no nos damos el banquete juntos, ¿eh? | ¡Uh.!","Ya está. No te preocupes, si es que tienes arte | hasta para romper las lámparas, vaya.",,True,1,"{""swears_edgy"": [""Hostia""]}",0
Spanish Affair 2_2015_2833100_57,"Que, perdona.",apologies,1.0,Spanish Affair 2,"00:06:17,712","00:06:18,713","hasta para romper las lámparas, vaya. | Espera, ¿qué has dicho?","No, no, no, no. Antes de ""perdona"". ¿Qué has dicho? | ¿Has dicho ""hostia""?",,True,1,"{""swears_edgy"": [""hostia""]}",0
Spanish Affair 2_2015_2833100_58,"No, no, no, no. Antes de ""perdona"". ¿Qué has dicho?",apologies,0.9987607145309448,Spanish Affair 2,"00:06:18,963","00:06:22,550","Espera, ¿qué has dicho? | Que, perdona.","¿Has dicho ""hostia""? | Shhh.",,True,1,"{""swears_edgy"": [""hostia""]}",0
Spanish Affair 2_2015_2833100_104,Ahí tenéis la cuentita.,farewells,0.6057939720153809,Spanish Affair 2,"00:08:52,491","00:08:53,909","Mira, llévate esto a la 14.","Oyes, llévate la hostia esta rebozada que me ha traído tu compañero | y puedes mandar a tomar por saco al rebozado y al compañero, también.",,True,1,"{""swears_edgy"": [""hostia""]}",0
Spanish Affair 2_2015_2833100_106,"y puedes mandar a tomar por saco al rebozado y al compañero, también.",requests,0.8,Spanish Affair 2,"00:08:59,373","00:09:03,252","Ahí tenéis la cuentita. | Oyes, llévate la hostia esta rebozada que me ha traído tu compañero","¡Rafa! Casualidad, también, ¿eh? | Bueno, ya sabes que yo no soy de abrazos ni de hostias, ¿eh?",,True,1,"{""swears_edgy"": [""hostia""]}",0
Spanish Affair 2_2015_2833100_159,"Koldo, por favor, que en Sevilla no está de moda lo de la ""kale barroca"".",requests,0.8,Spanish Affair 2,"00:12:14,818","00:12:18,239",que estás haciendo con tus primos? | Que no habéis traído ni al abuelo ni a la cabra.,"""Arribili"" conmigo que yo no sabré aplaudir, | pero reparto unos soplamocos de hostia dar, muñeco bailar.",,True,1,"{""swears_edgy"": [""hostia""]}",0
Spanish Affair 2_2015_2833100_256,"¡Que no, hostia!",farewells,0.6652182769775391,Spanish Affair 2,"00:17:05,192","00:17:06,193",Un vasco como Dios manda no pisa Madrid. | Déjate de pamplinas. Que hay que cruzar un par de andenes nada más.,"¿Ocurre algo? | ¡Oyes, ""pica-pica""! Por favor, dile al maquinista que tire para Barcelona,",,True,1,"{""swears_edgy"": [""hostia""]}",0
Spanish Affair 2_2015_2833100_258,"¡Oyes, ""pica-pica""! Por favor, dile al maquinista que tire para Barcelona,",farewells,0.6438216400146485,Spanish Affair 2,"00:17:07,694","00:17:11,323","¡Que no, hostia! | ¿Ocurre algo?","que yo no puedo pisar Madrid. Prohibidísimo tengo, oyes. | ¿Pero tiene usted alguna minusvalía 0.?",,True,1,"{""swears_edgy"": [""hostia""]}",0
Spanish Affair_2014_977086_1094,vamos a acabar aquí todos emocionados.,plans,0.8,Spanish Affair,"01:07:57,031","01:07:59,159","Las despedidas no me gustan una hostia, así que, mejor callar y. | marchar también tendré que hacer, porque si no,","Buena boda, ¿eh? Disfrutad y. Antxón, | perdona si al principio, pues, oye. pues. Oye, aquí somos así.",,True,1,"{""swears_edgy"": [""hostia""]}",0
Spanish Affair_2014_977086_1140,"Ahora habrá que ir a la ermita y está en ""casa Dios"".",family,0.8,Spanish Affair,"01:10:07,495","01:10:10,920","chuletón de kilo y medio cada uno, a ver si se atraganta el sevillano. | Voy a llamar al puto cura. ¡Hostia! El móvil iba ahí.","Bueno, iremos. Venga, iremos. | La pareja debe ser consciente de la responsabilidad que conlleva",,True,1,"{""swears_edgy"": [""Hostia""]}",0
Spanish Affair_2014_977086_1281,¿Adónde vamos a ir?,plans,0.8295938634872436,Spanish Affair,"01:20:06,802","01:20:07,883","Si se tienen que casar otro día, pues otro día u otro año. | Sí, ya vamos, ¿eh? Saliendo estamos.","Pero, ¿tú estás loca, ""mi arma""? Hostia, o como mierda se diga. | Koldo, que lo dejen, que empeñamos en que hay que casarse",,True,1,"{""swears_edgy"": [""Hostia""]}",0
Spanish Affair_2014_977086_1354,"¡Que ya voy, hostia!",farewells,0.8,Spanish Affair,"01:24:25,853","01:24:27,139",¿aceptas a. a Antxón como tu legítimo esposo? | ¡Amaia!,"Sí, quiero. | Vaya.",,True,1,"{""swears_edgy"": [""hostia""]}",0
The Hidden_1987_628127_487,"Aléjate del Ferrari por favor,",requests,0.8,The Hidden,"00:44:33,180","00:44:35,460","Hey, ¿adónde vas? | Pensaba que el show era adentro.","¿Dama? Ese es un vehículo sospechoso | ¡Eh, nena!",,True,1,"{""address_terms"": [""nena""]}",0
The Hidden_1987_628127_489,"¡Eh, nena!",greetings,0.7483581733703614,The Hidden,"00:44:43,700","00:44:44,820","Aléjate del Ferrari por favor, | ¿Dama? Ese es un vehículo sospechoso","Hey, cariño ¿tú sabes cuál es el apuro? | La noche es joven aun y.","lexical:nen, lexical:nena",True,1,"{""address_terms"": [""nena""]}",0
The Hidden_1987_628127_490,"Hey, cariño ¿tú sabes cuál es el apuro?",greetings,0.613822193145752,The Hidden,"00:44:45,900","00:44:48,740","¿Dama? Ese es un vehículo sospechoso | ¡Eh, nena!","La noche es joven aun y. | Tu nombre es Brenda, ¿cierto?",,True,1,"{""address_terms"": [""nena""]}",0
Barcelona sur_1981_1130850_20,Al que tienes que dejar de una puñetera vez,farewells,0.6056478691101075,Barcelona sur,"00:19:35,680","00:19:37,520",¿Sabes? Hace mucho tiempo | que quiero dejar este puñetero curro.,es al chulo ese que te putea. | Eso es otro rollo.,,True,1,"{""money_work"": [""curro""]}",1
Barcelona sur_1981_1130850_330,"Che, ¿no me oíste? Perdona un momentito. Voy.",apologies,0.9386373901367188,Barcelona sur,"00:53:08,600","00:53:11,240",¿qué haces acá? ¿Hoy no tienes día libre? | Ahora si que quiero chicle.,"Llámame a casa. Tengo el teléfono de siempre. | He cambiado turno con Gloria y. Mira,",lexical:che,True,1,"{""fillers_reactions"": [""Che""]}",0
Barcelona sur_1981_1130850_331,Llámame a casa. Tengo el teléfono de siempre.,family,0.8,Barcelona sur,"00:53:12,240","00:53:14,720","Ahora si que quiero chicle. | Che, ¿no me oíste? Perdona un momentito. Voy.","He cambiado turno con Gloria y. Mira, | esta semana es la segunda sustitución que hacés.",,True,1,"{""fillers_reactions"": [""Che""]}",0
Topical Spanish_1970_1158347_902,"Este para el nene, este para la nena, este para papá y este para mí.",family,0.7566711091995239,Topical Spanish,"01:13:18,602","01:13:23,082","Marilyn, no hay nada que hacer, no tiene nada de erotismo, | más que el que tú le pongas, claro, y ella me hizo un gesto.","Gracias. De nada, guapa. | Como te decía, Marilyn se acercó por detrás del asexual y.","lexical:nen, lexical:nena",True,1,"{""address_terms"": [""nena""]}",0
Topical Spanish_1970_1158347_903,"Gracias. De nada, guapa.",greetings,0.8,Topical Spanish,"01:13:29,082","01:13:30,842","más que el que tú le pongas, claro, y ella me hizo un gesto. | Este para el nene, este para la nena, este para papá y este para mí.","Como te decía, Marilyn se acercó por detrás del asexual y. | ¿Quién es? No lo sé.",lexical:apa,True,1,"{""address_terms"": [""nena""]}",0
Spanish Affair_2014_976542_28,No puedes estar así con todo el mundo por culpa de Antxón.,requests,0.8,Spanish Affair,"00:03:42,097","00:03:44,599",porque me están entrando unas ganas de soltarte una hostia. | ¿Qué?,"Shh. Hemos dicho que no íbamos a hablar de él. | Qué maravilla de mujeres, Joaquín. ¿Esas tres, Currito? Ni se te ocurra.",,True,1,"{""swears_edgy"": [""hostia""]}",0
Spanish Affair_2014_976542_340,"Pero, bien, bien, se ha portado bien. ¿Aquí qué? ¿Txirimiri?",farewells,0.6635969352722169,Spanish Affair,"00:25:44,336","00:25:49,507","Aúpa. | ¡Largo viaje, la hostia! Le he metido leña al ""Sabino"", ¿eh?","Toda la semana lloviendo, sí. | ¿Sí?",,True,1,"{""swears_edgy"": [""hostia""]}",0
Spanish Affair_2014_976542_471,"¿Qué pasa, Koldo? ¿Cómo estás? ¡Aúpa ahí!",greetings,1.0,Spanish Affair,"00:32:14,017","00:32:17,103","Hoy vas a ver que con Antxón, todo genial. | ""Epa"".","¡Aúpa! Igual hoy te venía fatal quedar. | No, de jugar a pelota vengo, hostia.",,True,1,"{""swears_edgy"": [""hostia""]}",1
Spanish Affair_2014_976542_515,"Escúchame, ¿parezco ""aberchándal""?",greetings,0.613966007232666,Spanish Affair,"00:34:09,716","00:34:11,426",Y deja de hacerla pelota con tanto abrazo y tanta hostia. | Que no estás en Sevilla.,"Abertzale. | SÍ, ¿no?",,True,1,"{""swears_edgy"": [""hostia""]}",0
Spanish Affair_2014_976542_828,¡Aúpa! Aúpa ahí.,farewells,0.6310929489135743,Spanish Affair,"00:50:53,511","00:50:55,221","¡Venga! | Oso ondo, agur. Eskerrik asko.","Aúpa. ¡Pon ahí, tres txikitos! Crianza, ¿eh? Que paga el yerno. | ¡Hostia, mira quién ha venido! ¡Ugaitz!",,True,1,"{""swears_edgy"": [""Hostia""]}",0
Vicky Cristina Barcelona_2008_4061345_1354,"Mi amor, escúchame.",greetings,0.602490634918213,Vicky Cristina Barcelona,"01:30:20,426","01:30:25,078","Que me des la pistola. ¡Hostia! | Escúchame, mi amor.","Ya, ya, mi amor, ya. | ¡Dios!",,True,1,"{""swears_edgy"": [""Hostia""]}",0
Spanish Affair_2014_976542_851,"Que sí, que bai, que. yo las digo en euskera encantado.",greetings,0.825145115852356,Spanish Affair,"00:52:00,829","00:52:03,832","¡Hostia! ¡En euskera, venga!","Lo que pasa que yo soy más de pensar en euskera, | y traducir al español para hablar. al ""estatal"", como yo le llamo.",,True,1,"{""swears_edgy"": [""Hostia""]}",0
The Hidden_1987_628127_485,"Hey, ¿adónde vas?",greetings,0.6413374137878418,The Hidden,"00:44:27,740","00:44:29,500","Hey, nena | ¿Qué haces?","Pensaba que el show era adentro. | Aléjate del Ferrari por favor,",,True,1,"{""address_terms"": [""nena""]}",0
The Hidden_1987_628127_484,¿Qué haces?,greetings,0.6511790466308595,The Hidden,"00:44:26,140","00:44:27,700","Estamos limpios | Hey, nena","Hey, ¿adónde vas? | Pensaba que el show era adentro.",,True,1,"{""address_terms"": [""nena""]}",0
The Hidden_1987_628127_420,"Buenas noches, Nena.",greetings,0.911407675743103,The Hidden,"00:37:16,740","00:37:18,020",Esta es nuestra hija Juliet. | ¿Quieres decirle buenas noches al señor Gallagher?,"Bueno, um. Tommy me dijo que eras de Seattle | ¿Perdón?","lexical:nen, lexical:nena, lexical:che",True,1,"{""address_terms"": [""Nena""]}",0
The Spanish Apartment_2002_4389688_412,"Venga, tio, vete ya!",farewells,0.6524645042419435,The Spanish Apartment,"01:43:59,320","01:44:01,440",El año que viene ire a Francia. | Ya nos veremos.,"""No me dejas trabajar. Dejame en paz"". | Hasta luego!",,True,1,"{""address_terms"": [""tio""]}",0
Spanish Affair_2014_977086_1366,"No, nervioso es lo que estás. Es normal. Amaia, dile, dile tú algo.",emotions,0.8,Spanish Affair,"01:25:14,067","01:25:19,449","¿Qué pasa, Antxón? | Que. Que no estoy seguro.","Lo siento, Koldo. | ¿Qué andas, hostia?",,True,1,"{""swears_edgy"": [""hostia""]}",0
Spanish Affair_2014_977086_1367,"Lo siento, Koldo.",apologies,0.639936466217041,Spanish Affair,"01:25:23,869","01:25:25,610","Que. Que no estoy seguro. | No, nervioso es lo que estás. Es normal. Amaia, dile, dile tú algo.","¿Qué andas, hostia? | ¡Anne!",,True,1,"{""swears_edgy"": [""hostia""]}",0
Spanish Affair_2014_977086_1368,"¿Qué andas, hostia?",greetings,0.8,Spanish Affair,"01:26:20,759","01:26:23,308","No, nervioso es lo que estás. Es normal. Amaia, dile, dile tú algo. | Lo siento, Koldo.",¡Anne! | ¡Anne!,,True,1,"{""swears_edgy"": [""hostia""]}",0
Sin City_2005_204804_685,"Y vamos a irnos a todos los bares de la zona, y la vamos a pasar bien.",plans,0.7416653299331665,Sin City,"00:50:08,043","00:50:12,835",¿Son estos gorilas los que andan contigo? | Te va a encantar esto nena. Vas a llamar a alguna de tus amigas que trabaja en el bar.,Yo no voy a llamar a nadie. | Esa es una camisa de hombre.,,True,1,"{""address_terms"": [""nena""]}",0
Sin City_2005_204804_714,Contestame.,farewells,0.6307285499572755,Sin City,"00:52:06,369","00:52:07,507","Ya me lo advirtieron. | Oye nena, no te escucho haciendo las llamadas que te dije.","Oh, no necesito. Hola. | Soy el nuevo novio de Shellie, y estoy mal de la cabeza.",,True,1,"{""address_terms"": [""nena""]}",0
The Spanish Apartment_2002_4389688_411,Ya nos veremos.,farewells,0.7801370811462403,The Spanish Apartment,"01:43:43,920","01:43:45,440","Va, vete! | El año que viene ire a Francia.","Venga, tio, vete ya! | ""No me dejas trabajar. Dejame en paz"".",,True,1,"{""address_terms"": [""tio""]}",0
The Spanish Apartment_2002_4389688_414,Hasta luego!,farewells,1.0,The Spanish Apartment,"01:44:09,320","01:44:10,600","Venga, tio, vete ya! | ""No me dejas trabajar. Dejame en paz"".",Vuelve a Francia con las otras ranas! | Me encanta el foie gras!,,True,1,"{""address_terms"": [""tio""]}",0
Vicky Cristina Barcelona_2008_4069191_1415,"Oye, nena, ¿qué te parece?",greetings,0.6549555015563966,Vicky Cristina Barcelona,"01:26:03,207","01:26:05,655","Éste está bien. | Sí, muy bien, sí.",¿Quién era? ¿Quién? | Al teléfono.,"lexical:nen, lexical:nena",True,1,"{""address_terms"": [""nena""]}",0
Vicky Cristina Barcelona_2008_4069191_438,"Hola. ¿Llamo en un mal momento, nena?",greetings,0.9008540773391724,Vicky Cristina Barcelona,"00:25:35,438","00:25:38,104",.en ningún lugar de la Tierra. Mi padre lo usó para traerme aquí. | Hola.,"Hola. No, estoy por comer. | ¿Puedo llamarte luego?","lexical:nen, lexical:nena",True,1,"{""address_terms"": [""nena""]}",0
Vicky Cristina Barcelona_2008_4069191_439,"Hola. No, estoy por comer.",greetings,0.8308183813095092,Vicky Cristina Barcelona,"00:25:38,825","00:25:40,820","Hola. | Hola. ¿Llamo en un mal momento, nena?",¿Puedo llamarte luego? | Déjame decir una cosa.,,True,1,"{""address_terms"": [""nena""]}",0
Vicky Cristina Barcelona_2008_4069191_444,¿Sí? Bueno.,farewells,0.6921388816833497,Vicky Cristina Barcelona,"00:25:49,119","00:25:50,562","Paul y Maryanne dijeron que encontraron una casa. | .en donde están, que les gusta incluso más que la de Bedford Hills.",.te estoy perdiendo un poco. | ¿Nena? No. Llámame luego.,,True,1,"{""address_terms"": [""Nena""]}",0
Vicky Cristina Barcelona_2008_4069191_561,"¿Hola? Hola, nena.",greetings,1.0,Vicky Cristina Barcelona,"00:33:13,373","00:33:15,732",También Vicky estaba perdida con sus pensamientos de una noche. | .que ahora parecía más y más irreal.,"¿Te desperté? | No, no, no.","lexical:nen, lexical:nena",True,1,"{""address_terms"": [""nena""]}",0
Vicky Cristina Barcelona_2008_4069191_1209,"No lo sé. Es decir, nena, ¿podrías vivir así?",requests,0.8,Vicky Cristina Barcelona,"01:12:46,066","01:12:48,413","Sabes que María Elena cree que hay. | .muchas verdades en la vida, no sólo una.","Bueno, yo nunca he tenido la. | ¿La falta de estructura de Cristina? De hecho, es muy estructurado.","lexical:nen, lexical:nena",True,1,"{""address_terms"": [""nena""]}",0
Vicky Cristina Barcelona_2008_4069191_1413,Éste está bien.,farewells,0.6409083557128907,Vicky Cristina Barcelona,"01:25:58,513","01:25:59,686",".que, en realidad, estás más enamorada de mí que con quien estás casada. | No puedo hablar.","Sí, muy bien, sí. | Oye, nena, ¿qué te parece?",,True,1,"{""address_terms"": [""nena""]}",0
Barcelona A Map_2007_8936253_534,"che ti voglio dire,",farewells,0.604206771850586,Barcelona A Map,"00:38:21,400","00:38:24,153",perché volli con te sola restare. | Ho tante cose,"o una sola, ma grande come il mare, | come il mare profonda ed infinita.",lexical:che,True,1,"{""fillers_reactions"": [""che""]}",0
